{"text": " Cuộc họp bắt đầu lúc 9h15 phút ngày 16 tháng 5 năm 2026 Chi phí dự kiến là 1 triệu 250.000 đồng Điều này là 1 triệu 500.000 đồng", "segments": [{"id": 0, "seek": 0, "start": 0.0, "end": 12.700000000000001, "text": " Cuộc họp bắt đầu lúc 9h15 phút ngày 16 tháng 5 năm 2026", "tokens": [50365, 13205, 34259, 27700, 79, 272, 31454, 32573, 287, 31585, 1722, 71, 5211, 903, 32852, 34481, 3165, 258, 30344, 1025, 38098, 945, 10880, 51000], "temperature": 0, "avg_logprob": -0.13247661157087845, "compression_ratio": 0.9523809523809523, "no_speech_prob": 8.870025373919344e-12}, {"id": 1, "seek": 0, "start": 18.7, "end": 22.12, "text": " Chi phí dự kiến là 1 triệu 250.000 đồng", "tokens": [51300, 17730, 903, 870, 274, 14522, 6315, 16240, 3684, 502, 1376, 43562, 11650, 13, 1360, 2934, 35070, 51471], "temperature": 0, "avg_logprob": -0.13247661157087845, "compression_ratio": 0.9523809523809523, "no_speech_prob": 8.870025373919344e-12}, {"id": 2, "seek": 2212, "start": 22.12, "end": 52.1, "text": " Điều này là 1 triệu 500.000 đồng", "tokens": [50365, 13055, 72, 17310, 12542, 3684, 502, 1376, 43562, 5923, 13, 1360, 2934, 35070, 51864], "temperature": 0, "avg_logprob": -1.0094223022460938, "compression_ratio": 0.84, "no_speech_prob": 4.936804853805654e-10}], "language": "vi"}