{"text": " Chào bạn, hôm nay bạn cảm thấy thế nào? Tôi hy vọng mọi việc đều ổn", "segments": [{"id": 0, "seek": 0, "start": 0.0, "end": 2.8000000000000003, "text": " Chào bạn, hôm nay bạn cảm thấy thế nào?", "tokens": [50365, 761, 20807, 14647, 11, 276, 25670, 34227, 14647, 47593, 27793, 27100, 29069, 30, 50505], "temperature": 0, "avg_logprob": -0.1457461387880387, "compression_ratio": 0.989247311827957, "no_speech_prob": 1.3313730326536266e-11}, {"id": 1, "seek": 0, "start": 3.22, "end": 4.64, "text": " Tôi hy vọng mọi việc đều ổn", "tokens": [50526, 43345, 2477, 371, 12935, 872, 275, 34282, 38628, 2934, 17310, 220, 20950, 77, 50597], "temperature": 0, "avg_logprob": -0.1457461387880387, "compression_ratio": 0.989247311827957, "no_speech_prob": 1.3313730326536266e-11}], "language": "vi"}