{"text": " Cuộc họp bắt đầu lúc ngáo giờ sụp hốc phút ngày sụp hốc thẳng ngộ 5 để sụp hốc phùng. Chi phí dự kiến là ưu trục, ngãn hối phụng nư ngãn đồng.", "segments": [{"id": 0, "seek": 0, "start": 0.0, "end": 8.64, "text": " Cuộc họp bắt đầu lúc ngáo giờ sụp hốc phút ngày sụp hốc thẳng ngộ 5 để sụp hốc phùng. Chi phí dự kiến là ưu trục, ngãn hối phụng nư ngãn đồng.", "tokens": [50365, 13205, 34259, 27700, 79, 272, 31454, 32573, 287, 31585, 6415, 45202, 28689, 262, 17740, 79, 276, 24426, 903, 32852, 34481, 262, 17740, 79, 276, 24426, 258, 1775, 111, 872, 6415, 8047, 1025, 20081, 262, 17740, 79, 276, 24426, 903, 27065, 13, 17730, 903, 870, 274, 14522, 6315, 16240, 3684, 220, 4228, 84, 504, 37664, 11, 6415, 1046, 77, 276, 24273, 903, 17740, 872, 297, 4228, 6415, 1046, 77, 2934, 35070, 13, 50797], "temperature": 0, "avg_logprob": -0.18589736319877007, "compression_ratio": 1.2810457516339868, "no_speech_prob": 9.861974084590663e-12}], "language": "vi"}