{"text": " Xin lỗi, bạn có thể nói chậm hơn không? Tôi cần nghe rõ từng câu, từng ý và từng con số.", "segments": [{"id": 0, "seek": 0, "start": 0.0, "end": 2.96, "text": " Xin lỗi, bạn có thể nói chậm hơn không?", "tokens": [50365, 24368, 287, 49572, 11, 14647, 6333, 24491, 27508, 417, 9973, 76, 34335, 11415, 30, 50513], "temperature": 0, "avg_logprob": -0.06255258657993415, "compression_ratio": 1.0360360360360361, "no_speech_prob": 8.913159273149507e-12}, {"id": 1, "seek": 0, "start": 3.44, "end": 6.640000000000001, "text": " Tôi cần nghe rõ từng câu, từng ý và từng con số.", "tokens": [50537, 43345, 47580, 6415, 675, 367, 5536, 26834, 872, 19288, 84, 11, 26834, 872, 49291, 10274, 26834, 872, 416, 44983, 13, 50697], "temperature": 0, "avg_logprob": -0.06255258657993415, "compression_ratio": 1.0360360360360361, "no_speech_prob": 8.913159273149507e-12}], "language": "vi"}