{"text": " Buổi sáng ở thành phố bắt đầu bằng tiếng xe máy, mùi cà phê nóng và những cuộc trò chuyện rất nhỏ bên vỉa hè. Dù mọi người đều vội, ai cũng giữ cho mình một lý do để mỉm cười.", "segments": [{"id": 0, "seek": 0, "start": 0.0, "end": 7.0, "text": " Buổi sáng ở thành phố bắt đầu bằng tiếng xe máy, mùi cà phê nóng và những cuộc trò chuyện rất nhỏ bên vỉa hè.", "tokens": [50365, 4078, 38704, 262, 30344, 19272, 39953, 903, 7863, 272, 31454, 32573, 272, 27215, 34923, 872, 2031, 68, 12228, 88, 11, 275, 5035, 72, 269, 1467, 903, 1307, 6604, 872, 10274, 20136, 50138, 504, 4293, 35522, 19679, 25147, 6245, 21920, 43730, 371, 43325, 64, 49243, 13, 50715], "temperature": 0, "avg_logprob": -0.03416665188677899, "compression_ratio": 1.2010050251256281, "no_speech_prob": 1.0089765828391606e-11}, {"id": 1, "seek": 0, "start": 7.5, "end": 11.620000000000001, "text": " Dù mọi người đều vội, ai cũng giữ cho mình một lý do để mỉm cười.", "tokens": [50740, 413, 5035, 275, 34282, 15898, 2934, 17310, 371, 38555, 11, 9783, 22747, 1735, 12225, 1586, 14526, 15486, 287, 11822, 360, 20081, 275, 43325, 76, 269, 14531, 13, 50946], "temperature": 0, "avg_logprob": -0.03416665188677899, "compression_ratio": 1.2010050251256281, "no_speech_prob": 1.0089765828391606e-11}], "language": "vi"}