{"text": " Cuộc họp bắt đầu lúc 9h15 phút ngày 16 tháng 5 năm 2026, chi phí dự kiến là 1 triệu 250.000 đồng.", "segments": [{"id": 0, "seek": 0, "start": 0.0, "end": 8.94, "text": " Cuộc họp bắt đầu lúc 9h15 phút ngày 16 tháng 5 năm 2026, chi phí dự kiến là 1 triệu 250.000 đồng.", "tokens": [50365, 13205, 34259, 27700, 79, 272, 31454, 32573, 287, 31585, 1722, 71, 5211, 903, 32852, 34481, 3165, 258, 30344, 1025, 38098, 945, 10880, 11, 13228, 903, 870, 274, 14522, 6315, 16240, 3684, 502, 1376, 43562, 11650, 13, 1360, 2934, 35070, 13, 50812], "temperature": 0, "avg_logprob": -0.08497730521268623, "compression_ratio": 0.953125, "no_speech_prob": 7.592331277561648e-12}], "language": "vi"}