{"text": " Cuộc họp bắt đầu lúc 9h15 phút ngày 16 tháng 5 năm 2 1026 Chi phí dự kiến là 1.250.000 đồng", "segments": [{"id": 0, "seek": 0, "start": 0.0, "end": 7.5200000000000005, "text": " Cuộc họp bắt đầu lúc 9h15 phút ngày 16 tháng 5 năm 2", "tokens": [50365, 13205, 34259, 27700, 79, 272, 31454, 32573, 287, 31585, 1722, 71, 5211, 903, 32852, 34481, 3165, 258, 30344, 1025, 38098, 568, 50741], "temperature": 0, "avg_logprob": -0.17082923253377277, "compression_ratio": 0.9421487603305785, "no_speech_prob": 1.0253822964323422e-11}, {"id": 1, "seek": 0, "start": 7.5200000000000005, "end": 10.700000000000001, "text": " 1026", "tokens": [50741, 1266, 10880, 50900], "temperature": 0, "avg_logprob": -0.17082923253377277, "compression_ratio": 0.9421487603305785, "no_speech_prob": 1.0253822964323422e-11}, {"id": 2, "seek": 0, "start": 10.700000000000001, "end": 16.38, "text": " Chi phí dự kiến là 1.250.000 đồng", "tokens": [50900, 17730, 903, 870, 274, 14522, 6315, 16240, 3684, 502, 13, 23538, 13, 1360, 2934, 35070, 51184], "temperature": 0, "avg_logprob": -0.17082923253377277, "compression_ratio": 0.9421487603305785, "no_speech_prob": 1.0253822964323422e-11}], "language": "vi"}