{"text": " Chào bạn, hôm nay bạn cảm thấy thế nào? Tôi hy vọng mọi việc đều ổn.", "segments": [{"id": 0, "seek": 0, "start": 0.0, "end": 5.12, "text": " Chào bạn, hôm nay bạn cảm thấy thế nào? Tôi hy vọng mọi việc đều ổn.", "tokens": [50376, 761, 20807, 14647, 11, 276, 25670, 34227, 14647, 47593, 27793, 27100, 29069, 30, 43345, 2477, 371, 12935, 872, 275, 34282, 38628, 2934, 17310, 220, 20950, 77, 13, 50621], "temperature": 0, "avg_logprob": -0.08418553670247396, "compression_ratio": 0.9893617021276596, "no_speech_prob": 1.3838457289805373e-11}], "language": "vi"}