{"text": " Tôi mua bưởi ở chợ, rồi gửi quà cho người bạn ở Huế trước khi trời đổ mưa.", "segments": [{"id": 0, "seek": 0, "start": 0.0, "end": 6.66, "text": " Tôi mua bưởi ở chợ, rồi gửi quà cho người bạn ở Huế trước khi trời đổ mưa.", "tokens": [50365, 43345, 2992, 64, 272, 48443, 72, 19272, 23579, 96, 11, 19908, 290, 27801, 72, 421, 1467, 1586, 15898, 14647, 19272, 11874, 6115, 44860, 23526, 504, 21024, 2934, 20950, 275, 27060, 13, 50698], "temperature": 0, "avg_logprob": -0.042104763143202835, "compression_ratio": 1.0194174757281553, "no_speech_prob": 1.0330002478409206e-11}], "language": "vi"}