{"text": " Cuộc họp bắt đầu lúc nên giờ 15 phút ngày 16 tháng 5 năm 2020. Hay 6, chi phí dự kiến là on point. T-W-5, O-P-O-5-O-O-Đồng.", "segments": [{"id": 0, "seek": 0, "start": 0.0, "end": 6.74, "text": " Cuộc họp bắt đầu lúc nên giờ 15 phút ngày 16 tháng 5 năm 2020.", "tokens": [50365, 13205, 34259, 27700, 79, 272, 31454, 32573, 287, 31585, 40606, 28689, 2119, 903, 32852, 34481, 3165, 258, 30344, 1025, 38098, 4808, 13, 50702], "temperature": 0, "avg_logprob": -0.38711688701923075, "compression_ratio": 0.9738562091503268, "no_speech_prob": 1.5854222448763444e-11}, {"id": 1, "seek": 0, "start": 8.2, "end": 11.08, "text": " Hay 6, chi phí dự kiến là on point.", "tokens": [50775, 8721, 1386, 11, 13228, 903, 870, 274, 14522, 6315, 16240, 3684, 322, 935, 13, 50919], "temperature": 0, "avg_logprob": -0.38711688701923075, "compression_ratio": 0.9738562091503268, "no_speech_prob": 1.5854222448763444e-11}, {"id": 2, "seek": 0, "start": 11.86, "end": 14.96, "text": " T-W-5, O-P-O-5-O-O-Đồng.", "tokens": [50958, 314, 12, 54, 12, 20, 11, 422, 12, 47, 12, 46, 12, 20, 12, 46, 12, 46, 12, 128, 238, 35070, 13, 51113], "temperature": 0, "avg_logprob": -0.38711688701923075, "compression_ratio": 0.9738562091503268, "no_speech_prob": 1.5854222448763444e-11}], "language": "vi"}