{"text": " Xin lỗi, bạn có thể nói chậm hơn không? Tôi cần nghe rõ từng câu, từng ý, từng ý, và từng con số.", "segments": [{"id": 0, "seek": 0, "start": 0.0, "end": 2.42, "text": " Xin lỗi, bạn có thể nói chậm hơn không?", "tokens": [50365, 24368, 287, 49572, 11, 14647, 6333, 24491, 27508, 417, 9973, 76, 34335, 11415, 30, 50486], "temperature": 0, "avg_logprob": -0.20967048147450323, "compression_ratio": 1.1339285714285714, "no_speech_prob": 1.391720072518865e-11}, {"id": 1, "seek": 0, "start": 3.62, "end": 7.08, "text": " Tôi cần nghe rõ từng câu, từng ý, từng ý,", "tokens": [50546, 43345, 47580, 6415, 675, 367, 5536, 26834, 872, 19288, 84, 11, 26834, 872, 49291, 11, 26834, 872, 49291, 11, 50719], "temperature": 0, "avg_logprob": -0.20967048147450323, "compression_ratio": 1.1339285714285714, "no_speech_prob": 1.391720072518865e-11}, {"id": 2, "seek": 0, "start": 8.52, "end": 10.22, "text": " và từng con số.", "tokens": [50791, 10274, 26834, 872, 416, 44983, 13, 50876], "temperature": 0, "avg_logprob": -0.20967048147450323, "compression_ratio": 1.1339285714285714, "no_speech_prob": 1.391720072518865e-11}], "language": "vi"}