{"text": " Chào bạn, hôm nay bạn cảm thấy thế nào? Tôi hy vọng mọi việc đều ổn.", "segments": [{"id": 0, "seek": 0, "start": 0.9, "end": 4.5600000000000005, "text": " Chào bạn, hôm nay bạn cảm thấy thế nào?", "tokens": [50410, 761, 20807, 14647, 11, 276, 25670, 34227, 14647, 47593, 27793, 27100, 29069, 30, 50593], "temperature": 0, "avg_logprob": -0.17704960703849792, "compression_ratio": 0.9893617021276596, "no_speech_prob": 1.2478071527433077e-11}, {"id": 1, "seek": 0, "start": 6.2, "end": 8.42, "text": " Tôi hy vọng mọi việc đều ổn.", "tokens": [50675, 43345, 2477, 371, 12935, 872, 275, 34282, 38628, 2934, 17310, 220, 20950, 77, 13, 50786], "temperature": 0, "avg_logprob": -0.17704960703849792, "compression_ratio": 0.9893617021276596, "no_speech_prob": 1.2478071527433077e-11}], "language": "vi"}