{"text": " Cuộc họp 3 đầu lúc 9h15 phút ngày 16 tháng 5 năm 2026. Chi phí dự kiến là 1.000 nhến 250.000 đồng.", "segments": [{"id": 0, "seek": 0, "start": 0.0, "end": 15.66, "text": " Cuộc họp 3 đầu lúc 9h15 phút ngày 16 tháng 5 năm 2026. Chi phí dự kiến là 1.000 nhến 250.000 đồng.", "tokens": [50365, 13205, 34259, 27700, 79, 805, 32573, 287, 31585, 1722, 71, 5211, 903, 32852, 34481, 3165, 258, 30344, 1025, 38098, 945, 10880, 13, 17730, 903, 870, 274, 14522, 6315, 16240, 3684, 502, 13, 1360, 6245, 16240, 11650, 13, 1360, 2934, 35070, 13, 51148], "temperature": 0, "avg_logprob": -0.19093650037592108, "compression_ratio": 0.9918032786885246, "no_speech_prob": 1.1755345828701191e-11}], "language": "vi"}