{"text": " Xin lỗi, bạn có thể nói chậm hơn không? Tôi cần nghe rõ từng câu, từng ý và từng con số.", "segments": [{"id": 0, "seek": 0, "start": 0.0, "end": 3.64, "text": " Xin lỗi, bạn có thể nói chậm hơn không?", "tokens": [50365, 24368, 287, 49572, 11, 14647, 6333, 24491, 27508, 417, 9973, 76, 34335, 11415, 30, 50547], "temperature": 0, "avg_logprob": -0.11333952194605118, "compression_ratio": 1.0360360360360361, "no_speech_prob": 9.455925625845296e-12}, {"id": 1, "seek": 0, "start": 4.5600000000000005, "end": 9.92, "text": " Tôi cần nghe rõ từng câu, từng ý và từng con số.", "tokens": [50593, 43345, 47580, 6415, 675, 367, 5536, 26834, 872, 19288, 84, 11, 26834, 872, 49291, 10274, 26834, 872, 416, 44983, 13, 50861], "temperature": 0, "avg_logprob": -0.11333952194605118, "compression_ratio": 1.0360360360360361, "no_speech_prob": 9.455925625845296e-12}], "language": "vi"}