{"text": " Sáng nay tôi thức dậy khi thành phố vẫn còn rất yên tĩnh Ngoài cửa sổ, ánh nắng đầu tiên rơi xuống những mái nhà màu xám Còn trên con đường nhỏ, vài người bán hàng đã bắt đầu chuẩn bị cho một ngày mới Tôi pha một tách cà phê, mở cuốn sổ cũ, và viết lại những điều mình muốn làm trong tuần này Có những việc rất nhỏ, như gọi điện hỏi thăm gia đình, sắp xếp lại góc làm việc Hoặc dành nửa giờ để đi bộ dưới hàng cây Nhưng chính những việc nhỏ ấy giúp tôi cảm thấy cuộc sống chậm lại và rõ ràng hơn Hãy subscribe cho kênh Ghiền Mì Gõ Để không bỏ lỡ những video hấp dẫn Hãy subscribe cho kênh Ghiền Mì Gõ Để không bỏ lỡ những video hấp dẫn Hãy subscribe cho kênh Ghiền Mì Gõ Để không bỏ lỡ những video hấp dẫn Hãy subscribe cho kênh Ghiền Mì Gõ Để không bỏ lỡ những video hấp dẫn Hãy subscribe cho kênh Ghiền Mì Gõ Để không bỏ lỡ những video hấp dẫn Hãy subscribe cho kênh Ghiền Mì Gõ Để không bỏ lỡ những video hấp dẫn Hãy subscribe cho kênh Ghiền Mì Gõ Để không bỏ lỡ những video hấp dẫn", "segments": [{"id": 0, "seek": 0, "start": 0.0, "end": 7.0, "text": " Sáng nay tôi thức dậy khi thành phố vẫn còn rất yên tĩnh", "tokens": [50365, 318, 30344, 34227, 22336, 258, 27138, 274, 24706, 23526, 39953, 903, 7863, 49004, 31394, 25147, 288, 5050, 256, 28490, 5728, 50715], "temperature": 0, "avg_logprob": -0.10238538305443454, "compression_ratio": 1.2836538461538463, "no_speech_prob": 1.37138599087816e-11}, {"id": 1, "seek": 0, "start": 7.0, "end": 14.46, "text": " Ngoài cửa sổ, ánh nắng đầu tiên rơi xuống những mái nhà màu xám", "tokens": [50715, 426, 1571, 21971, 9613, 255, 64, 262, 20950, 11, 7352, 5728, 297, 46129, 32573, 8757, 5050, 367, 21537, 41104, 21092, 20136, 12228, 72, 35398, 13901, 84, 2031, 19524, 51088], "temperature": 0, "avg_logprob": -0.10238538305443454, "compression_ratio": 1.2836538461538463, "no_speech_prob": 1.37138599087816e-11}, {"id": 2, "seek": 0, "start": 14.46, "end": 21.98, "text": " Còn trên con đường nhỏ, vài người bán hàng đã bắt đầu chuẩn bị cho một ngày mới", "tokens": [51088, 383, 23329, 33187, 416, 2934, 24280, 6245, 21920, 11, 10274, 72, 15898, 272, 7200, 48373, 17283, 272, 31454, 32573, 40215, 35068, 77, 32113, 1586, 15486, 34481, 37328, 51464], "temperature": 0, "avg_logprob": -0.10238538305443454, "compression_ratio": 1.2836538461538463, "no_speech_prob": 1.37138599087816e-11}, {"id": 3, "seek": 2198, "start": 21.98, "end": 33.5, "text": " Tôi pha một tách cà phê, mở cuốn sổ cũ, và viết lại những điều mình muốn làm trong tuần này", "tokens": [50365, 43345, 903, 64, 15486, 7737, 339, 269, 1467, 903, 1307, 11, 275, 13755, 2702, 31754, 262, 20950, 17846, 102, 11, 10274, 1932, 13888, 23017, 20136, 42082, 14526, 42453, 22319, 18826, 2604, 18241, 12542, 50941], "temperature": 0, "avg_logprob": -0.07338388231065539, "compression_ratio": 1.25, "no_speech_prob": 2.36997227398561e-11}, {"id": 4, "seek": 2198, "start": 33.5, "end": 40.980000000000004, "text": " Có những việc rất nhỏ, như gọi điện hỏi thăm gia đình, sắp xếp lại góc làm việc", "tokens": [50941, 41306, 20136, 38628, 25147, 6245, 21920, 11, 16228, 290, 34282, 13264, 19679, 276, 46251, 258, 21434, 39689, 2934, 10116, 11, 262, 12195, 79, 2031, 6115, 79, 23017, 290, 40993, 22319, 38628, 51315], "temperature": 0, "avg_logprob": -0.07338388231065539, "compression_ratio": 1.25, "no_speech_prob": 2.36997227398561e-11}, {"id": 5, "seek": 2198, "start": 44.64, "end": 47.480000000000004, "text": " Hoặc dành nửa giờ để đi bộ dưới hàng cây", "tokens": [51498, 3631, 38464, 274, 24449, 297, 27801, 64, 28689, 20081, 13264, 272, 8047, 274, 5829, 8971, 48373, 269, 12108, 51640], "temperature": 0, "avg_logprob": -0.07338388231065539, "compression_ratio": 1.25, "no_speech_prob": 2.36997227398561e-11}, {"id": 6, "seek": 4748, "start": 47.48, "end": 57.839999999999996, "text": " Nhưng chính những việc nhỏ ấy giúp tôi cảm thấy cuộc sống chậm lại và rõ ràng hơn", "tokens": [50365, 26390, 42509, 42178, 20136, 38628, 6245, 21920, 43966, 1735, 44492, 22336, 47593, 27793, 50138, 262, 21092, 417, 9973, 76, 23017, 10274, 367, 5536, 367, 26653, 34335, 50883], "temperature": 0, "avg_logprob": -0.07780628204345703, "compression_ratio": 1.0186915887850467, "no_speech_prob": 3.054838326743692e-11}, {"id": 7, "seek": 5784, "start": 57.84, "end": 59.84, "text": " Hãy subscribe cho kênh Ghiền Mì Gõ Để không bỏ lỡ những video hấp dẫn", "tokens": [50365, 389, 49205, 3022, 1586, 350, 5050, 71, 460, 4954, 26871, 376, 4749, 460, 5536, 13055, 9571, 11415, 272, 21920, 287, 1297, 94, 20136, 960, 276, 47176, 274, 35400, 50465], "temperature": 0, "avg_logprob": -0.07718148125542534, "compression_ratio": 6.185185185185185, "no_speech_prob": 1.3083732985919028e-09}, {"id": 8, "seek": 5784, "start": 59.84, "end": 60.84, "text": " Hãy subscribe cho kênh Ghiền Mì Gõ Để không bỏ lỡ những video hấp dẫn", "tokens": [50465, 389, 49205, 3022, 1586, 350, 5050, 71, 460, 4954, 26871, 376, 4749, 460, 5536, 13055, 9571, 11415, 272, 21920, 287, 1297, 94, 20136, 960, 276, 47176, 274, 35400, 50515], "temperature": 0, "avg_logprob": -0.07718148125542534, "compression_ratio": 6.185185185185185, "no_speech_prob": 1.3083732985919028e-09}, {"id": 9, "seek": 5784, "start": 60.84, "end": 61.84, "text": " Hãy subscribe cho kênh Ghiền Mì Gõ Để không bỏ lỡ những video hấp dẫn", "tokens": [50515, 389, 49205, 3022, 1586, 350, 5050, 71, 460, 4954, 26871, 376, 4749, 460, 5536, 13055, 9571, 11415, 272, 21920, 287, 1297, 94, 20136, 960, 276, 47176, 274, 35400, 50565], "temperature": 0, "avg_logprob": -0.07718148125542534, "compression_ratio": 6.185185185185185, "no_speech_prob": 1.3083732985919028e-09}, {"id": 10, "seek": 5784, "start": 61.84, "end": 63.84, "text": " Hãy subscribe cho kênh Ghiền Mì Gõ Để không bỏ lỡ những video hấp dẫn", "tokens": [50565, 389, 49205, 3022, 1586, 350, 5050, 71, 460, 4954, 26871, 376, 4749, 460, 5536, 13055, 9571, 11415, 272, 21920, 287, 1297, 94, 20136, 960, 276, 47176, 274, 35400, 50665], "temperature": 0, "avg_logprob": -0.07718148125542534, "compression_ratio": 6.185185185185185, "no_speech_prob": 1.3083732985919028e-09}, {"id": 11, "seek": 5784, "start": 63.84, "end": 64.84, "text": " Hãy subscribe cho kênh Ghiền Mì Gõ Để không bỏ lỡ những video hấp dẫn", "tokens": [50665, 389, 49205, 3022, 1586, 350, 5050, 71, 460, 4954, 26871, 376, 4749, 460, 5536, 13055, 9571, 11415, 272, 21920, 287, 1297, 94, 20136, 960, 276, 47176, 274, 35400, 50715], "temperature": 0, "avg_logprob": -0.07718148125542534, "compression_ratio": 6.185185185185185, "no_speech_prob": 1.3083732985919028e-09}, {"id": 12, "seek": 5784, "start": 64.84, "end": 65.84, "text": " Hãy subscribe cho kênh Ghiền Mì Gõ Để không bỏ lỡ những video hấp dẫn", "tokens": [50715, 389, 49205, 3022, 1586, 350, 5050, 71, 460, 4954, 26871, 376, 4749, 460, 5536, 13055, 9571, 11415, 272, 21920, 287, 1297, 94, 20136, 960, 276, 47176, 274, 35400, 50765], "temperature": 0, "avg_logprob": -0.07718148125542534, "compression_ratio": 6.185185185185185, "no_speech_prob": 1.3083732985919028e-09}, {"id": 13, "seek": 5784, "start": 65.84, "end": 66.84, "text": " Hãy subscribe cho kênh Ghiền Mì Gõ Để không bỏ lỡ những video hấp dẫn", "tokens": [50765, 389, 49205, 3022, 1586, 350, 5050, 71, 460, 4954, 26871, 376, 4749, 460, 5536, 13055, 9571, 11415, 272, 21920, 287, 1297, 94, 20136, 960, 276, 47176, 274, 35400, 50815], "temperature": 0, "avg_logprob": -0.07718148125542534, "compression_ratio": 6.185185185185185, "no_speech_prob": 1.3083732985919028e-09}], "language": "vi"}