{"text": " Bạn khỏe không?", "segments": [{"id": 0, "seek": 0, "start": 0.0, "end": 1.74, "text": " Bạn khỏe không?", "tokens": [50365, 363, 12937, 7168, 21920, 68, 11415, 30, 50452], "temperature": 0, "avg_logprob": -0.2896669864654541, "compression_ratio": 0.7407407407407407, "no_speech_prob": 1.1009919538562674e-11}], "language": "vi"}